id,first_name,last_name,email,user_name
1,Margareta,Redihalgh,mredihalgh0@canalblog.com,mredihalgh0
2,Brocky,Kearton,bkearton1@ovh.net,bkearton1
3,Whitaker,Rzehor,wrzehor2@technorati.com,wrzehor2
4,Fraze,Spilisy,fspilisy3@hugedomains.com,fspilisy3
5,Audra,Edgett,aedgett4@cpanel.net,aedgett4
6,Ursulina,MacKerley,umackerley5@amazonaws.com,umackerley5
7,Hewett,Constanza,hconstanza6@va.gov,hconstanza6
8,Cash,David,cdavid7@ucoz.com,cdavid7
9,Devi,Ranscome,dranscome8@epa.gov,dranscome8
10,Rhianna,Eliasson,reliasson9@uiuc.edu,reliasson9
11,Mark,Donaldsson,mdonaldsson12@yahoo.com,mdonaldsson12
12,Julius,Caeser,jcae789@coli.roma,jcae789
